PaperID,RelatedToPaperID
913f54b44dfb9202955fe296cf5586e1105565ea,7f57a5bdbf6c711c711e1901864eaa4237b01f9f
913f54b44dfb9202955fe296cf5586e1105565ea,52020530c72e189ca0d295e611063a0aaa9109c2
913f54b44dfb9202955fe296cf5586e1105565ea,53489041a08ef1a6cd19b4c95ce092a148283b6b
913f54b44dfb9202955fe296cf5586e1105565ea,302b292d895da562b201d22d55c5764c981a992d
913f54b44dfb9202955fe296cf5586e1105565ea,a191c41607ce88e731fe8fc08faf6677c1f47903
913f54b44dfb9202955fe296cf5586e1105565ea,803a6b4333302fae7d05f2e2e196954540db2b01
913f54b44dfb9202955fe296cf5586e1105565ea,54906484f42e871f7c47bbfe784a358b1448231f
913f54b44dfb9202955fe296cf5586e1105565ea,36eff562f65125511b5dfab68ce7f7a943c27478
913f54b44dfb9202955fe296cf5586e1105565ea,7c6de5a9e02a779e24504619050c6118f4eac181
913f54b44dfb9202955fe296cf5586e1105565ea,0fb67f88fed7dc3592653a892eee2b8697806451
913f54b44dfb9202955fe296cf5586e1105565ea,52c22ac616688491ce58c0f9f25c2cef81aacba1
913f54b44dfb9202955fe296cf5586e1105565ea,7300b624588c62fb5af4fbd948969c8803b28d46
913f54b44dfb9202955fe296cf5586e1105565ea,e5aa3cf6d6521ca67a49cb7c7e13cbd914f83bf8
913f54b44dfb9202955fe296cf5586e1105565ea,a6cb366736791bcccc5c8639de5a8f9636bf87e8
913f54b44dfb9202955fe296cf5586e1105565ea,851332942f7cfbd74e3f2799309c1383fa547fb6
913f54b44dfb9202955fe296cf5586e1105565ea,f3de86aeb442216a8391befcacb49e58b478f512
913f54b44dfb9202955fe296cf5586e1105565ea,484ad17c926292fbe0d5211540832a8c8a8e958b
913f54b44dfb9202955fe296cf5586e1105565ea,1954a67069a6744cc6c85f258c430431118a9916
913f54b44dfb9202955fe296cf5586e1105565ea,2829bdbb2950b4eac1c43aa0f627a7bb14c9a775
913f54b44dfb9202955fe296cf5586e1105565ea,704d53205d92c85d4f4784cbd7f2f82b2a4007c3
913f54b44dfb9202955fe296cf5586e1105565ea,172aed103a885735bce827fee4a24bed30eefd9e
913f54b44dfb9202955fe296cf5586e1105565ea,e01eae8dea6fbaa1ae7fc83535053932268df430
913f54b44dfb9202955fe296cf5586e1105565ea,cb826a3899752b796f14df1c50378c64954a6b0a
913f54b44dfb9202955fe296cf5586e1105565ea,118a331364f30592d12eafe9af8a8c84b59b961c
913f54b44dfb9202955fe296cf5586e1105565ea,1f12451245667a85d0ee225a80880fc93c71cc8b
913f54b44dfb9202955fe296cf5586e1105565ea,d7da009f457917aa381619facfa5ffae9329a6e9
913f54b44dfb9202955fe296cf5586e1105565ea,13b6eeb28328252a35cdcbe3ab8d09d2a9caf99d
913f54b44dfb9202955fe296cf5586e1105565ea,cb91a9ef1723440bd35a3e5965a2e180ad1ab36f
913f54b44dfb9202955fe296cf5586e1105565ea,df2b0e26d0599ce3e70df8a9da02e51594e0e992
913f54b44dfb9202955fe296cf5586e1105565ea,ed2b7bfbbf5e48d750d7c3e0046e55341cecd335
913f54b44dfb9202955fe296cf5586e1105565ea,a574e320d899e7e82e341eb64baef7dfe8a24642
913f54b44dfb9202955fe296cf5586e1105565ea,b7c42dcbefb9ff13d17d2b3bf3fb38ae3bfcebd5
913f54b44dfb9202955fe296cf5586e1105565ea,ebb5f4273e461e21db6afcdbca698295cb0d21e1
7f57a5bdbf6c711c711e1901864eaa4237b01f9f,b06cb86410ff8928c42608b63dbc28d1a3ae03dc
7f57a5bdbf6c711c711e1901864eaa4237b01f9f,730acfee6b9c129d72abb6fda762aae58a6c66c0
7f57a5bdbf6c711c711e1901864eaa4237b01f9f,64f4aadcd96ddd42ecdb49efde6bd92c3679e702
7f57a5bdbf6c711c711e1901864eaa4237b01f9f,d0fcb827cdcc44cce4c22c125fbbfb99a80f26dc
7f57a5bdbf6c711c711e1901864eaa4237b01f9f,7657d17d796659427e067f1cac93e4038d01725f
7f57a5bdbf6c711c711e1901864eaa4237b01f9f,130af40f6f1958287cd4a13725a2347d9b377149
7f57a5bdbf6c711c711e1901864eaa4237b01f9f,4436ca7e9f91b7ad9ad6a09dbe12f48d9f6c3e7f
7f57a5bdbf6c711c711e1901864eaa4237b01f9f,0563b741d4f06e5bfddcd6be5007f6be9e354929
7f57a5bdbf6c711c711e1901864eaa4237b01f9f,4413a131e5be89d8eea174fe67082d7e36191579
7f57a5bdbf6c711c711e1901864eaa4237b01f9f,5a80b22dbb624e6461c931bb214fc9f865ade4dc
7f57a5bdbf6c711c711e1901864eaa4237b01f9f,d7e1466442ff707b30f8f5c900b9252c70214f8f
7f57a5bdbf6c711c711e1901864eaa4237b01f9f,8e12cb1fdcaee8bf6528f9819f85bf9f6628375b
7f57a5bdbf6c711c711e1901864eaa4237b01f9f,dc1eb984202293667ebaf7ae9637757419e3073a
7f57a5bdbf6c711c711e1901864eaa4237b01f9f,be633c8eeffdba4499c6f53e002d663c868dc87c
7f57a5bdbf6c711c711e1901864eaa4237b01f9f,7e43131b06ac5eb28290bc1939c656822ae857d8
7f57a5bdbf6c711c711e1901864eaa4237b01f9f,215393fcaa464998ab22a759b1ccccb7682e4f9e
7f57a5bdbf6c711c711e1901864eaa4237b01f9f,81e3a41116728a5090465e2704e69f6af24fd795
7f57a5bdbf6c711c711e1901864eaa4237b01f9f,7950117952550a5484f9c6aae1aa2586a8ab6e4c
7f57a5bdbf6c711c711e1901864eaa4237b01f9f,a9f2243fe74c625d51f441a49140af143275cc3a
7f57a5bdbf6c711c711e1901864eaa4237b01f9f,0eeb86c1baa8cf16773e5e0d5b96c776e1185b2f
7f57a5bdbf6c711c711e1901864eaa4237b01f9f,f9479373ebed2323f46baf55a034b6e13b26a06c
7f57a5bdbf6c711c711e1901864eaa4237b01f9f,26bc9195c6343e4d7f434dd65b4ad67efe2be27a
7f57a5bdbf6c711c711e1901864eaa4237b01f9f,436ece4150e21147cd38206ad4d7781f138f7aca
7f57a5bdbf6c711c711e1901864eaa4237b01f9f,688f104fab24e8ea0eb114f923d4f998bd702b1d
7f57a5bdbf6c711c711e1901864eaa4237b01f9f,87b7801fb721a7e1186412e546027f9edcadf537
7f57a5bdbf6c711c711e1901864eaa4237b01f9f,3b4b3f07441d527928fe3f960fe4ba32716ead76
7f57a5bdbf6c711c711e1901864eaa4237b01f9f,bb10da9fda9781237808b92c71580901660be770
7f57a5bdbf6c711c711e1901864eaa4237b01f9f,10c7620b6a38fad78e74ffd74e388928143f4a63
7f57a5bdbf6c711c711e1901864eaa4237b01f9f,d32c18904b6968474be6e1a2888417a4704d28b8
7f57a5bdbf6c711c711e1901864eaa4237b01f9f,022d535cc251eac7d3318823ec29a22d7ed04636
7f57a5bdbf6c711c711e1901864eaa4237b01f9f,7cdf13092f367d1aa2c569604d1a4d0755735d8a
7f57a5bdbf6c711c711e1901864eaa4237b01f9f,387f2f03fc18cb80f6dd118d41754cbbb2520bee
7f57a5bdbf6c711c711e1901864eaa4237b01f9f,22fb4ce8a05452330b0a011d4f1604d6ee0336aa
7f57a5bdbf6c711c711e1901864eaa4237b01f9f,00476e3065afba45cb4c4c3e53721d91327ea51c
7f57a5bdbf6c711c711e1901864eaa4237b01f9f,09cca6dc159a61b71dbe74542503081494599e4d
7f57a5bdbf6c711c711e1901864eaa4237b01f9f,62f2a23dd5d4327136d0da19935c076d65d7f332
7f57a5bdbf6c711c711e1901864eaa4237b01f9f,b1225321b2ac51d735c9f8e15e45b6a9701808a9
7f57a5bdbf6c711c711e1901864eaa4237b01f9f,0aa934cc6b5ec9fcc1d7cc3da01741be9242513b
7f57a5bdbf6c711c711e1901864eaa4237b01f9f,9f2695c7fc99ae3798ac4ea855c50ae6724e6c2b
7f57a5bdbf6c711c711e1901864eaa4237b01f9f,b1a86d72e00afe09c4f779fac11ffd673e9cc021
7f57a5bdbf6c711c711e1901864eaa4237b01f9f,79e731a5661da3a7cf470136ae4505b9c2a11ac6
7f57a5bdbf6c711c711e1901864eaa4237b01f9f,69fd4baf7a54ab5cfea111448094ef3f58533a03
52020530c72e189ca0d295e611063a0aaa9109c2,02d77406fb91fada0e2dab5b42c57a05bd3af2d0
52020530c72e189ca0d295e611063a0aaa9109c2,a191c41607ce88e731fe8fc08faf6677c1f47903
52020530c72e189ca0d295e611063a0aaa9109c2,068c327ba6aa386e554f40b105d25add2dad2242
52020530c72e189ca0d295e611063a0aaa9109c2,306e20852c7e38a12ebb5ec754d973006d0835d4
52020530c72e189ca0d295e611063a0aaa9109c2,1fb546e5af4325eae25f86e60c68fb2e66d0795d
52020530c72e189ca0d295e611063a0aaa9109c2,0fb67f88fed7dc3592653a892eee2b8697806451
52020530c72e189ca0d295e611063a0aaa9109c2,84d2e6eb7772e2fa4fc0b14c28446d00370a45d2
52020530c72e189ca0d295e611063a0aaa9109c2,b21c78a62fbb945a19ae9a8935933711647e7d70
52020530c72e189ca0d295e611063a0aaa9109c2,22ae02d81c21cb90b0de071550cfb99e6a623e62
52020530c72e189ca0d295e611063a0aaa9109c2,e5aa3cf6d6521ca67a49cb7c7e13cbd914f83bf8
52020530c72e189ca0d295e611063a0aaa9109c2,e522e23a4f4c797478d90afaa5c4d96b30d50aa7
52020530c72e189ca0d295e611063a0aaa9109c2,9f08b01251cb99f4ffae8c7b3e4468d3af9c98d3
52020530c72e189ca0d295e611063a0aaa9109c2,cea967b59209c6be22829699f05b8b1ac4dc092d
52020530c72e189ca0d295e611063a0aaa9109c2,5e17e0a6ef8f79eb524bec9e4ba3be0910046447
52020530c72e189ca0d295e611063a0aaa9109c2,851332942f7cfbd74e3f2799309c1383fa547fb6
52020530c72e189ca0d295e611063a0aaa9109c2,f3de86aeb442216a8391befcacb49e58b478f512
52020530c72e189ca0d295e611063a0aaa9109c2,27725a2d2a8cee9bf9fffc6c2167017103aba0fa
52020530c72e189ca0d295e611063a0aaa9109c2,c98b74a5409d7764bada3549b9b0a60223965bc1
52020530c72e189ca0d295e611063a0aaa9109c2,87f40e6f3022adbc1f1905e3e506abad05a9964f
52020530c72e189ca0d295e611063a0aaa9109c2,f6b51c8753a871dc94ff32152c00c01e94f90f09
52020530c72e189ca0d295e611063a0aaa9109c2,2c0270f89f9559239112e79d9fa1aee2d58adaf7
52020530c72e189ca0d295e611063a0aaa9109c2,2b669398c4cf2ebe04375c8b1beae20f4ac802fa
52020530c72e189ca0d295e611063a0aaa9109c2,ae5e6c6f5513613a161b2c85563f9708bf2e9178
52020530c72e189ca0d295e611063a0aaa9109c2,c81d2f308b80f8a008d329a22b63dc09503ae045
52020530c72e189ca0d295e611063a0aaa9109c2,1954a67069a6744cc6c85f258c430431118a9916
52020530c72e189ca0d295e611063a0aaa9109c2,413c1142de9d91804d6d11c67ff3fed59c9fc279
52020530c72e189ca0d295e611063a0aaa9109c2,bc1022b031dc6c7019696492e8116598097a8c12
52020530c72e189ca0d295e611063a0aaa9109c2,704d53205d92c85d4f4784cbd7f2f82b2a4007c3
52020530c72e189ca0d295e611063a0aaa9109c2,98449bcf80e52e0e902efd288b68c701d5392099
52020530c72e189ca0d295e611063a0aaa9109c2,6c2b28f9354f667cd5bd07afc0471d8334430da7
52020530c72e189ca0d295e611063a0aaa9109c2,1682b8b395c7d7fa30b3cec961ac81fdda53e72d
53489041a08ef1a6cd19b4c95ce092a148283b6b,921b2958cac4138d188fd5047aa12bbcf37ac867
53489041a08ef1a6cd19b4c95ce092a148283b6b,68e52b49ada5162abedd94e519d30be324b67cf8
53489041a08ef1a6cd19b4c95ce092a148283b6b,cb0487c759adcd6b592b20c22cbd70d1b389a062
53489041a08ef1a6cd19b4c95ce092a148283b6b,a4c154e30f8cfb1df494dc0cd3540c90f4999044
53489041a08ef1a6cd19b4c95ce092a148283b6b,b33fb1e48d3160da8d75f0fec9d4075d23779d74
53489041a08ef1a6cd19b4c95ce092a148283b6b,979b1dd2447dca40197305896870b1aa0431ac4a
53489041a08ef1a6cd19b4c95ce092a148283b6b,51a55df1f023571a7e07e338ee45a3e3d66ef73e
53489041a08ef1a6cd19b4c95ce092a148283b6b,de2499cd29b6a531dcf91658297cac2196f5e220
53489041a08ef1a6cd19b4c95ce092a148283b6b,80a624b9327d9050244dfebac96f7f6cf806880f
53489041a08ef1a6cd19b4c95ce092a148283b6b,c6119913759d1de9a5e3092661f7cb8f2f5af418
53489041a08ef1a6cd19b4c95ce092a148283b6b,f37e1b62a767a307c046404ca96bc140b3e68cb5
53489041a08ef1a6cd19b4c95ce092a148283b6b,4d72698270ef1750fba03afa9a4c32fabfb4b163
53489041a08ef1a6cd19b4c95ce092a148283b6b,e14e7e645fe8be40a5f3e3b8f150271e8a5d3b84
53489041a08ef1a6cd19b4c95ce092a148283b6b,75c4b9f3a4ecb34b7aed1a1c61fe13ea11a1f564
53489041a08ef1a6cd19b4c95ce092a148283b6b,168f28ac3c8c7ea63bf7ed25f2288e8b67e2fe74
53489041a08ef1a6cd19b4c95ce092a148283b6b,cae884bc6256928beebe0af19ec3cdc75e59ab74
53489041a08ef1a6cd19b4c95ce092a148283b6b,6ac15befa3a92ae23eb212757972028a1aefd696
53489041a08ef1a6cd19b4c95ce092a148283b6b,2e9d221c206e9503ceb452302d68d10e293f2a10
53489041a08ef1a6cd19b4c95ce092a148283b6b,ad4e696778969a10136dfd8a16b39ae36b61d5e5
53489041a08ef1a6cd19b4c95ce092a148283b6b,eb70d00233f2f3420f03f0b09ab417542e3fe56f
53489041a08ef1a6cd19b4c95ce092a148283b6b,dc1e1acdc1d766a9fb36997d266d8d1b62f86dfb
53489041a08ef1a6cd19b4c95ce092a148283b6b,b2f8876482c97e804bb50a5e2433881ae31d0cdd
